customer_id,probability,monthly_charge
9242-TKFSV,0.014829180745034047,65.1
4009-ALQFH,0.6160614422774596,99.5
8184-WMOFI,0.04715749109268634,71.4
3612-YUNGG,0.07979448213778668,109.2
4307-KTUMW,0.4991293631270593,93.9
2916-BQZLN,0.6858321173152673,84.75
2522-AHJXR,0.18045030180645769,109.45
6479-OAUSD,0.05204084303471267,19.9
9488-HGMJH,0.9472524128081725,71.15
4443-EMBNA,0.02483612150952733,24.75
2533-QVMSK,0.027609899727178946,94.1
5173-WXOQV,0.5422430619372637,64.2
6410-LEFEN,0.5525148823122408,45.15
2577-GVSIL,0.030340174750448135,73.45
5371-VYLSX,0.7409055318716555,83.4
8949-JTMAY,0.6107665155059544,98.6
4550-VBOFE,0.7484248491371731,102.95
9003-CPATH,0.5613136461066265,79.9
5312-IRCFR,0.017343257363688712,92.85
8715-KKTFG,0.050793764993134656,103.3
7632-YUTXB,0.010696729905305721,20.05
0078-XZMHT,0.01629354471273857,85.15
3638-WEABW,0.10800227305259805,59.9
0137-UDEUO,0.28377646343697255,19.85
3254-YRILK,0.855761885605311,88.2
4724-WXVWF,0.5019967094195827,95.4
4999-IEZLT,0.06985376624420585,29.45
7776-QWNFX,0.7536088456082689,50.4
1354-YZFNB,0.049893153746718065,19.55
5453-YBTWV,0.06588747213978374,101.1
5614-DNZCE,0.04324579897341359,64.9
8012-SOUDQ,0.11964018641494413,90.25
1852-XEMDW,0.27552375338799895,65.05
5373-SFODM,0.9231710314474987,85.25
4024-CSNBY,0.028142772475282178,94.25
5649-TJHOV,0.7997101107056145,36.5
6345-HOVES,0.3619008252503214,25.05
9650-VBUOG,0.00773768949760614,25.05
4741-WWJQZ,0.8332766949499324,80.15
6481-ESCNL,0.650175350204607,100.55
4910-AQFFX,0.711441004499514,79.35
2777-PHDEI,0.9271444540180679,78.05
9402-ROUMJ,0.021640457908387423,100.25
5543-QDCRY,0.4816546652919674,56.4
6376-GAHQE,0.8419023642324497,77.85
7586-ZATGZ,0.6012412329241094,84.9
6892-BOGQE,0.024985710327346797,20.9
9957-YODKZ,0.16252112302217153,80.8
6885-PKOAM,0.019012276517957213,85.75
6339-TBELP,0.13685762234472804,86.4
9052-VKDUW,0.06316607282913018,109.4
3724-UCSHY,0.06693207222891029,19.55
4255-DDUOU,0.38709292988565525,20.5
0133-BMFZO,0.8855452335093166,86.25
3669-LVWZB,0.5334909301308087,51.0
5294-CDGWY,0.3671585226408707,59.3
5781-BKHOP,0.027492565169112804,100.65
5261-QSHQM,0.6741187369713331,24.45
5181-OABFK,0.0061863340710310135,61.3
5458-CQJTA,0.15724681824864614,74.8
9093-FPDLG,0.8110845668361303,94.2
8946-BFWSG,0.013605361543203775,25.25
8645-KWHJO,0.6008027740833441,55.0
2636-SJDOU,0.165519075634245,84.3
1934-SJVJK,0.6693999193662148,20.15
6145-NNPNO,0.6971207592352322,44.15
9606-PBKBQ,0.9137800024060863,85.0
4367-NUYAO,0.015857546047651026,25.75
8263-OKETD,0.22448715380838796,68.9
6445-TNRXS,0.01538676365692294,114.7
4541-RMRLG,0.15984822148772382,19.25
5384-ZTTWP,0.053171357643295974,19.8
2790-XUYMV,0.058266186628912066,85.45
8207-VVMYB,0.041967554820865886,26.0
8782-NUUOL,0.13209832413463676,79.0
4661-NJEUX,0.3524209835299609,20.05
9508-ILZDG,0.0880689980729554,96.35
6164-HAQTX,0.09711480190377449,53.95
4716-HHKQH,0.2916602669512938,107.05
5619-PTMIK,0.37726143303452114,53.1
2181-TIDSV,0.007341134349694405,19.95
3363-DTIVD,0.024601670590136612,105.55
9359-JANWS,0.01901115168320107,58.9
2661-GKBTK,0.008860870057778202,76.95
3658-QQJYD,0.059779853594656415,74.3
0883-EIBTI,0.2744928320790976,19.5
3756-VNWDH,0.058581991068205115,100.75
5117-ZSMHQ,0.020133808918608092,89.9
7801-KICAO,0.48962663141558127,74.15
6476-YHMGA,0.20293559851006046,76.5
0519-DRGTI,0.01868361917249183,20.35
6024-RUGGH,0.03051930552617188,25.2
6370-ZVHDV,0.03822391460420241,25.3
0983-TATYJ,0.027066148320328207,51.45
4795-UXVCJ,0.043294192652646044,19.8
1934-MKPXS,0.06918917651334394,20.1
2143-LJULT,0.04103866730259356,25.25
0839-JTCUD,0.05534197984133724,89.9
2307-FYNNL,0.17622745099216064,109.05
5370-IIVVL,0.3866542290466941,104.5
8091-TTVAX,0.11465715631849668,100.35
3536-IQCTX,0.9148722953395579,85.3
5707-ZMDJP,0.01133802567561465,69.7
3675-EQOZA,0.1569211373278521,20.65
6784-XYJAE,0.17470837875896522,55.8
0742-LAFQK,0.29113233886640066,99.15
5095-ETBRJ,0.02367576701069526,56.8
6981-TDRFT,0.05280054601420811,54.3
5456-ITGIC,0.013664870172632711,64.45
7916-VCCPB,0.039825939717592185,73.25
2889-FPWRM,0.23496058406181144,117.8
1569-TTNYJ,0.7818651311545551,78.75
9367-TCUYN,0.10452057958307602,20.1
1897-RCFUM,0.028627003774640062,24.2
9975-SKRNR,0.4834805090290331,18.9
2232-DMLXU,0.675758211573615,55.2
7878-RTCZG,0.271029673527695,19.9
0404-SWRVG,0.6025071421462285,74.4
4072-IPYLT,0.05180797210706957,51.05
3950-VPYJB,0.00671315520022474,59.6
6030-REHUX,0.09088753149077133,110.85
4304-TSPVK,0.05545511601399036,114.9
7541-YLXCL,0.124270229399011,65.4
8058-JMEQO,0.9536976116806027,84.45
9906-NHHVC,0.05686425522574748,53.5
4208-UFFGW,0.8941091377427597,44.95
1430-SFQSA,0.09955387125189114,35.6
6467-CHFZW,0.2204940045056748,99.35
6585-WCEWR,0.015632372102668476,20.35
1730-VFMWO,0.047163771974158296,50.2
5789-LDFXO,0.04751563728452374,24.6
8395-ETZKQ,0.00940627579310811,19.5
3413-CSSTH,0.29587257094639746,55.7
4660-IRIBM,0.4207959789450442,87.9
2190-PHBHR,0.0825393266999499,94.45
8174-TBVCF,0.17079297442101307,94.8
6235-VDHOM,0.807650087161577,28.45
0422-OHQHQ,0.030035177752945372,20.55
1989-PRJHP,0.851517437998952,75.5
3285-UCQVC,0.15009957515982475,28.6
2719-BDAQO,0.6384626722799316,93.85
4373-VVHQL,0.5416183585904669,44.75
5652-MSDEY,0.6491177606579922,75.75
0772-GYEQQ,0.854515642467604,88.35
0674-DGMAQ,0.03941737796245753,93.5
5092-STPKP,0.22503279147635646,56.35
1452-KIOVK,0.2870658660543285,89.1
8268-YDIXR,0.40563338215819783,93.15
5055-MGMGF,0.4227278271931779,105.05
8305-VHZBZ,0.7035801071363399,20.2
1475-VWVDO,0.6745863841816,74.9
2523-EWWZL,0.3535590332947529,76.1
9223-UCPVT,0.9345074231112876,94.4
7203-OYKCT,0.26671811129054374,104.95
8033-VCZGH,0.4558078700385255,103.95
3050-RLLXC,0.0064648759992979804,81.25
6061-GWWAV,0.05500169427407042,70.2
9494-BDNNC,0.45423464426690574,95.3
7020-OZKXZ,0.044711771220133666,75.5
0484-JPBRU,0.12828800407803145,25.25
7399-QHBJS,0.009163234890881135,66.75
6199-IPCAO,0.015252435451250858,26.1
5202-IVJNU,0.22833789364209953,30.1
9715-WZCLW,0.007221168435307248,97.2
5811-IWXYM,0.11599671108891257,101.25
2237-ZFSMY,0.1612314162300649,95.55
3932-CMDTD,0.358372654571278,105.65
7569-NMZYQ,0.022588070552744064,118.75
6440-DKQGE,0.13433425873355412,64.5
7153-OANIO,0.9528921041271737,69.95
4628-CTTLA,0.12331952888559732,39.3
2961-VNFKL,0.013331512391940937,25.95
8845-LWKGE,0.014688683943684938,64.5
0030-FNXPP,0.1559749498250303,19.85
5914-DVBWJ,0.8450915083637238,85.45
6901-GOGZG,0.0771045416148545,84.95
8644-XLFBW,0.9602796797811647,71.65
4140-MUHUG,0.9307025229855662,86.85
1042-HFUCW,0.04014692860210159,54.75
2314-TNDJQ,0.04518424692697461,55.65
1302-UHBDD,0.07549950519337663,89.95
3415-TAILE,0.42389561231595857,65.7
1779-PWPMG,0.10469590097831197,114.65
1955-IBMMB,0.021659743848570157,20.2
4686-UXDML,0.6367342029284393,99.85
6736-DHUQI,0.018595514151440683,84.8
5600-PDUJF,0.4731578765900767,49.5
2519-LBNQL,0.2097760936422236,104.35
8224-KDLKN,0.008950398981567608,25.0
5917-HBSDW,0.17662166308301783,19.35
2452-KDRRH,0.13078193680374683,101.4
7321-VGNKU,0.8777235002721036,70.35
2672-DZUOY,0.639918926725655,25.15
6986-IJDHX,0.16031785215411112,86.3
9282-IZGQK,0.9470885794661656,85.0
1614-JBEBI,0.07958962711037618,20.7
5730-RIITO,0.07584392964604791,33.45
4662-EKDPQ,0.5606483061898762,62.05
5095-AESKG,0.8846821892762713,91.5
0867-LDTTC,0.543624964907401,75.15
3312-ZWLGF,0.8091233472456856,79.3
1374-DMZUI,0.9025350021762957,94.3
4868-AADLV,0.14362918213653364,116.25
3963-RYFNS,0.10335198192263172,116.45
6158-HDPXZ,0.698705891602272,25.35
0310-SUCIN,0.15109639794651308,84.8
9369-XFEHK,0.7773316942739943,80.6
0257-KXZGU,0.019537116034443514,62.45
2675-IJRGJ,0.10458960211672132,19.65
0221-WMXNQ,0.09144457772116985,75.35
6683-VLCTZ,0.8983806960536943,98.55
0428-IKYCP,0.1443798469403455,87.0
4690-LLKUA,0.5927159810593797,45.05
2978-XXSOG,0.2738074388235119,59.05
1017-FBQMM,0.011691459495150892,106.05
2034-GDRCN,0.8882192003961542,90.4
5027-YOCXN,0.09619480209857426,110.05
5549-ZGHFB,0.007790226744863425,24.95
5515-RUGKN,0.4341537312335174,54.75
8727-JQFHV,0.007229980105007341,20.75
6599-CEBNN,0.6595832187236264,73.95
1455-HFBXA,0.07265681678885967,91.6
0612-RTZZA,0.9027794547423719,25.25
8695-WDYEA,0.656988556274546,51.25
6645-MXQJT,0.22230893099822732,97.1
3164-AALRN,0.14109549288602316,70.0
0118-JPNOY,0.9176541965810092,85.8
1088-CNNKB,0.03144684709182014,80.0
9931-KGHOA,0.05250752660093519,55.0
5016-LIPDW,0.03486161127049563,19.4
5240-CAOYT,0.3546710075910169,87.55
1399-OUPJN,0.009305644663040322,19.75
1173-XZPYF,0.809133257410678,89.2
5647-FXOTP,0.7850345961363362,105.9
7892-QVYKW,0.029274406637782933,85.6
4032-RMHCI,0.12523191882419835,35.4
6928-ONTRW,0.006680847737448663,19.7
5886-VLQVU,0.5813254438710579,89.85
2607-DHDAK,0.006921835090459382,19.8
7851-WZEKY,0.8852573311150989,95.15
4192-GORJT,0.9196102254356642,94.45
7047-FWEYA,0.16655827048273936,103.15
7271-AJDTL,0.7929282133697881,94.45
1644-IRKSF,0.09381792483606538,93.8
3128-YOVTD,0.03804438061586804,79.15
4080-OGPJL,0.33836920778460594,71.15
9481-IEBZY,0.014852225012722332,112.9
8746-BFOAJ,0.06449464370850277,20.5
4316-XCSLJ,0.25076424688023224,50.3
8221-EQDGL,0.1627617812588907,61.0
0357-NVCRI,0.12567962044594233,20.05
0278-YXOOG,0.0702730100617405,21.05
6143-JQKEA,0.44220739894227573,45.8
8182-BJDSI,0.6041793017003656,89.95
0225-ZORZP,0.8573493951796896,84.3
7698-YFGEZ,0.4886978419551241,20.0
4952-YSOGZ,0.9135259001072611,85.95
7404-JLKQG,0.6285872231891932,57.55
3627-FHKBK,0.9063325859884919,75.3
0621-TWIEM,0.20068047593983696,45.55
2075-RMJIK,0.37345907549485885,49.4
8075-GXIUB,0.08117493731270532,19.85
1136-XGEQU,0.07115620855764374,84.15
2983-ZANRP,0.8341022382150584,73.55
8152-VETUR,0.029003139950880327,97.7
4962-CHQPW,0.028914671962548356,19.85
2397-BRLOM,0.8257636079734514,80.45
2446-ZKVAF,0.2086376235873237,56.8
3538-WZPHD,0.6280436319434813,29.6
5759-RCVCB,0.7246692058389953,35.2
7452-FOLON,0.022825054435075955,25.45
4730-AWNAU,0.028414732886093533,60.7
1345-GKDZZ,0.05932205674960422,19.55
1024-KPRBB,0.32950339433163695,89.1
6088-BXMRG,0.14530173094411317,98.85
4676-WLUHT,0.03626474621761633,46.2
3001-CBHLQ,0.8701165250343404,104.9
3423-HHXAO,0.0382763195316276,19.5
1699-UOTXU,0.06715431721643109,61.4
4182-BGSIQ,0.028266608830317713,19.8
0742-NXBGR,0.956353244349004,82.3
2305-MRGLV,0.18965653412022243,76.55
0459-SPZHJ,0.0836333997641082,83.5
4565-EVZMJ,0.28114414889520023,58.9
0142-GVYSN,0.05578317884815103,20.3
0354-VXMJC,0.01085755261283544,19.6
2087-QAREY,0.4210695945295033,54.7
6625-UTXEW,0.37511598241739613,51.25
3348-CFRNX,0.7977276716943332,92.35
5090-EMGTC,0.031881547702072445,100.05
8441-SHIPE,0.030827095213970063,25.6
8404-GFGCZ,0.1844314977231911,65.6
6060-QBMGV,0.010599476556579682,19.85
6723-WSNTY,0.25482237930178353,108.1
9060-HJJRW,0.07952601113792208,56.4
7379-FNIUJ,0.8813299874510588,100.2
2154-KVJFF,0.6940168270454277,79.75
3256-EZDBI,0.692251990186387,29.45
3870-MQAMG,0.40525232157430896,110.35
1907-YLNYW,0.2555277981097154,66.7
1704-NRWYE,0.7589451865497832,80.85
4079-WWQQQ,0.04309765530161152,65.55
8132-YPVBX,0.8243883057158425,85.95
8695-ARGXZ,0.8498131727013436,75.55
3249-VHRIP,0.027622935232521927,43.6
5600-KTXFM,0.21676182223560783,69.95
5442-BXVND,0.08266426251469412,24.25
9214-EKVXR,0.6837717714909456,44.0
4441-NIHPT,0.7760000947924879,74.3
7617-EYGLW,0.6205491774202869,19.45
0330-BGYZE,0.06301661311771425,102.5
5077-DXTCG,0.7162923923578507,45.3
6152-ONASV,0.029442139088768655,58.25
2000-MPKCA,0.5050599641399479,107.75
5898-IGSLP,0.17542714436710793,89.3
4614-NUVZD,0.9506177448758644,81.1
3930-ZGWVE,0.5708682368489177,19.75
0931-MHTEM,0.37497893683637196,100.05
7279-BUYWN,0.7441558602522903,113.2
1162-ECVII,0.10810754181397807,109.75
7245-JMTTQ,0.42935557683594455,111.5
1627-AFWVJ,0.022071836530274325,19.4
6218-KNUBD,0.3782423078227723,59.45
3452-FLHYD,0.02439237148314727,20.95
3106-ULWFW,0.8267772869425263,85.2
3191-CSNMG,0.41859139898604425,80.7
5736-YEJAX,0.06451724713211204,79.45
3569-VLDHH,0.04546806707717315,75.1
7054-DMVAS,0.03063650831930099,65.3
5924-SNGKP,0.05783200526524653,20.25
6194-HBGQN,0.12180114525457379,81.15
9675-ICXCT,0.010142424678932255,80.8
4837-QUSFT,0.06284085119858053,100.15
4393-RYCRE,0.4385656297447125,106.05
7233-DRTRF,0.5937792007414183,102.4
8329-IBCTI,0.31340493055230684,19.65
3070-DVEYC,0.8746010145974956,73.75
6794-HKIAJ,0.2938766240266496,90.7
3211-ILJTT,0.7542570351201969,70.4
3665-JATSN,0.33720153332822794,39.7
9281-OFDMF,0.09031794255980057,90.7
3138-BKYAV,0.8663359916027652,85.35
3675-YDUPJ,0.10013361111106256,19.85
1309-BXVOQ,0.7621786043638346,106.1
1597-FZREH,0.7243390887423661,76.4
5498-IBWPI,0.04441320433742351,49.4
6641-XRPSU,0.4431939925704802,70.0
2804-ETQDK,0.02864440634878754,20.55
5469-NUJUR,0.04505626477878874,19.95
0193-ESZXP,0.47465862057824315,105.5
9314-IJWSQ,0.3791069318817312,84.8
3941-XTSKM,0.03115258995737075,45.1
3275-RHRNE,0.009651944886295132,60.0
2886-KEFUM,0.42581534431447077,107.5
5639-NTUPK,0.290209471677086,52.1
3750-CKVKH,0.6522413592181217,67.75
0815-MFZGM,0.06773461610092361,99.0
4939-KYYPY,0.15159583616012606,59.45
4079-VTGLK,0.024867220155596607,74.85
4847-TAJYI,0.0917374558868016,89.35
7017-VFULY,0.08312465827960064,20.1
9173-IVZVP,0.02391720698466897,20.9
6519-ZHPXP,0.07125186870056233,108.3
6022-UGGSO,0.8328741764905546,74.4
8780-IHCRN,0.006993485094842054,24.65
4622-YNKIJ,0.1171333409246734,88.95
1088-AUUZZ,0.009011925229456342,75.85
6754-WKSHP,0.06352516322324323,25.35
0203-HHYIJ,0.12158647220370916,25.3
3259-KNMRR,0.07324190242904292,79.75
1098-KFQEC,0.010207824629518013,19.4
7207-RMRDB,0.20341019381629016,105.5
6010-DDPPW,0.013764484868056757,25.15
7839-NUIAA,0.19512275758651967,59.8
9633-DENPU,0.12741177760779634,58.6
2520-SGTTA,0.013729398048122024,20.0
9617-UDPEU,0.04598463006776292,19.25
9068-FHQHD,0.016281419347055282,20.15
1760-CAZHT,0.1110304548014039,20.8
0396-UKGAI,0.3063185141632474,55.3
8107-RZLNV,0.040600289933823065,106.3
3066-RRJIO,0.9384073987876002,69.95
9722-UJOJR,0.6930710383756195,70.75
3130-ICDUP,0.7277805940980524,80.55
2516-XSJKX,0.06775483965373977,78.45
4083-EUGRJ,0.14981628135782127,20.25
8165-ZJRNM,0.007233359174328413,23.75
4919-IKATY,0.8390320182887897,84.5
3806-YAZOV,0.20384216130321023,18.8
7055-HNEOJ,0.5165528700232281,55.8
2873-ZLIWT,0.7652628744739037,84.85
8642-GVWRF,0.8963760406594402,79.7
5143-EGQFK,0.8618212570110052,29.65
4531-AUZNK,0.045424500765221906,95.15
9646-NMHXE,0.012144185078472976,19.65
9121-PHQSR,0.07946579959227701,85.05
8739-WWKDU,0.8981074180443708,89.5
1936-UAFEH,0.4605396454364421,110.25
0962-CQPWQ,0.0369154823468975,20.3
0761-AETCS,0.3802541370402584,19.3
1293-BSEUN,0.00697650662945922,20.7
8203-XJZRC,0.38174605355758245,20.25
3606-SBKRY,0.20728719760223585,50.05
7029-RPUAV,0.9050730267444869,100.45
9647-ERGBE,0.8804976290717629,100.05
0639-TSIQW,0.49064297200607426,102.95
5329-KRDTM,0.022349441150504613,77.35
3158-MOERK,0.8246915686572124,96.0
9819-FBNSV,0.042631581492563866,72.25
6313-GIDIT,0.5348333969346568,54.45
0191-ZHSKZ,0.24032429797768795,74.75
4884-TVUQF,0.16421167150459906,101.3
3910-MRQOY,0.011379792194503049,19.4
9227-LUNBG,0.5078981616573508,24.6
7858-GTZSP,0.894189170166516,86.55
9447-YPTBX,0.07496625080028275,19.85
2632-IVXVF,0.01687177592390356,111.75
8272-ONJLV,0.4069627905866747,95.7
6537-OTKMY,0.24807379693086393,50.75
1741-WTPON,0.012511888602812497,115.85
4067-HLYQI,0.48487090882990486,70.4
8819-WFGGJ,0.032300597799492556,54.1
3694-DELSO,0.4171545766023422,38.55
8722-NGNBH,0.6804269997370951,40.0
4301-VVZKA,0.7013182208679334,75.4
1383-EZRWL,0.15269599729977193,20.05
2888-ADFAO,0.007831499207615342,21.3
6900-PXRMS,0.7815739238192696,105.75
3420-ZDBMA,0.04768760645967407,71.45
9451-LPGOO,0.7884872425972744,86.8
9495-REDIY,0.052233840016039465,40.65
2309-OSFEU,0.685155061415052,33.9
0306-JAELE,0.9046226628985096,96.1
0016-QLJIS,0.011676986170869295,90.45
8215-NGSPE,0.01015315314000272,20.0
9053-JZFKV,0.21414546212885185,116.2
8873-TMKGR,0.02695334576502945,19.1
3378-AJRAO,0.019770265770132803,24.85
2954-PIBKO,0.01281501685921682,64.15
6743-HHQPF,0.2021801151478173,25.1
0388-EOPEX,0.8553725651743891,74.4
7054-LGEQW,0.7844104647692721,45.95
2027-WKXMW,0.0860348783148407,108.75
9272-LSVYH,0.5765941871492739,70.15
2599-CZABP,0.26305013557330803,44.6
8780-RSYYU,0.07557307002114458,19.2
7291-CDTMJ,0.36988820008735035,19.65
9574-RKJIF,0.8056370010617454,94.4
8242-PDSGJ,0.18169977342570628,39.15
0979-MOZQI,0.025903292937595534,39.0
6797-UCJHZ,0.03194553214085174,104.6
6461-SZMCV,0.012577692872326638,87.95
6551-ZCOTS,0.10698355639671106,24.9
0536-ACXIP,0.05957157717696047,109.55
4698-KVLLG,0.06095331809760913,19.6
1698-XFZCI,0.4613578005531104,107.75
7493-GVFIO,0.04466115856944334,20.55
6350-XFYGW,0.06926721053772064,94.75
9696-RMYBA,0.8573881387287196,80.1
8979-CAMGB,0.4026046669122906,102.1
6682-QJDGB,0.2295828433863714,55.25
8819-IMISP,0.683892134205133,80.45
5849-ASHZJ,0.02565358526915132,20.05
5057-LCOUI,0.22478608841146352,50.75
3597-MVHJT,0.6717115521290081,95.6
0947-IDHRQ,0.632918536678297,80.3
9039-RBEEE,0.15254682575380366,48.95
4116-IQRFR,0.07730437055597993,24.1
6633-MPWBS,0.5691675166067736,49.2
4695-WJZUE,0.9494820201573523,88.55
8788-DOXSU,0.05791626105618925,61.35
3359-DSRKA,0.007245581773804702,19.85
4395-PZMSN,0.05193944810141119,85.55
0746-JTRFU,0.56356419304676,25.05
0139-IVFJG,0.40619326820839835,90.35
3891-PUQOD,0.5906476419870456,59.2
6253-GNHWH,0.009113964196871433,71.1
2640-LYMOV,0.25554858422276483,19.65
4967-WPNCF,0.03246637132215475,63.7
6509-TSGWN,0.1320567320576518,26.45
7107-UBYKY,0.027291448295507875,25.75
8150-QUDFX,0.2995400071608037,19.85
1666-JXLKU,0.805213618398575,100.05
0702-PGIBZ,0.8082009767176659,101.7
4803-AXVYP,0.8764310107663168,99.55
8263-JQAIK,0.8583471739528572,24.45
7128-GGCNO,0.49301270360527527,72.8
2208-MPXIO,0.0074395584828527315,20.0
5067-WJEUN,0.0400376022128535,54.2
4374-YMUSQ,0.2635782401669696,116.25
5982-PSMKW,0.07846676979221179,91.1
5396-IZEPB,0.12015018794416153,19.7
8058-INTPH,0.9530914919397596,79.65
0575-CUQOV,0.021410993684316326,97.95
3156-QLHBO,0.1868740377405622,19.25
9584-EXCDZ,0.4769253351289582,70.5
3814-MLAXC,0.5817258483119936,79.85
5671-UUNXD,0.3949298864983644,100.65
1465-LNTLJ,0.027764356027630666,64.4
3523-QRQLL,0.3740257450729883,69.5
6180-YBIQI,0.5663550477414291,24.3
9588-YRFHY,0.0916820804058479,19.9
1550-EENBN,0.4959606940583392,104.35
2821-WARNZ,0.024928076463772948,19.45
0023-XUOPT,0.7303667377941406,94.1
6933-FHBZC,0.06062983482470577,56.05
9253-VIFJQ,0.025518081417739216,67.05
6726-NNFWD,0.01633815996911383,89.45
3755-JBMNH,0.7609188700212515,71.8
5199-FPUSP,0.06676954989628595,34.05
3253-HKOKL,0.051096592070814136,100.3
2176-LVPNX,0.03480612873903591,89.85
5274-XHAKY,0.05265884614281768,94.3
9904-EHEVJ,0.020654321825051707,91.35
4884-LEVMQ,0.01496652733033186,20.45
0696-UKTOX,0.3928659802463133,54.15
3658-KIBGF,0.6587128969760933,54.9
9386-LDCZR,0.1578022087078521,90.65
5376-PCKNB,0.014913640022073228,104.45
2325-WINES,0.29630695901409826,104.05
4615-PIVVU,0.11870674510574573,66.5
4119-ZYPZY,0.1911323786627139,106.8
6023-GSSXW,0.05018481194414046,61.45
1552-AAGRX,0.36285325383313427,106.4
9873-MNDKV,0.3437256210562885,44.65
2472-OVKUP,0.2877266200830602,91.0
5375-XLDOF,0.026298603968581875,114.35
5366-OBVMR,0.11354460629033433,50.3
0014-BMAQU,0.04050264935726012,84.65
0015-UOCOJ,0.04387339473965412,48.2
2292-XQWSV,0.02043077424208858,60.3
7601-DHFWZ,0.04446909649952856,24.0
2928-HLDBA,0.129842436047989,20.7
2692-AQCPF,0.05343052996946293,108.05
3620-MWJNE,0.6956185482468109,54.45
7336-RLLRH,0.08709132471451596,80.85
3486-HOOGQ,0.007249341164277625,79.7
6103-BOCOU,0.6915375241018699,80.7
5136-KCKGI,0.7186339302960031,103.7
3174-AKMAS,0.19948019171672418,64.2
1751-NCDLI,0.04766731044430596,98.85
6016-NXBNJ,0.050310968571088126,19.15
3190-FZATL,0.1618515827649933,19.95
4781-ZXYGU,0.21115095239203355,20.15
8226-BXGES,0.06337678895720672,89.45
9249-FXSCK,0.5136998567225685,111.25
2418-TPEUN,0.01584362122341534,19.8
0529-ONKER,0.7861560335417224,75.65
6435-SRWBJ,0.8449465580248787,82.75
1697-BCSHV,0.16240232919201458,66.8
0810-DHDBD,0.06372596196767737,74.0
0258-NOKBL,0.7194975957360412,90.4
9174-FKWZE,0.46564667856393027,19.45
0942-KOWSM,0.028584672580537075,80.8
3352-ALMCK,0.6893845399459247,102.65
9146-JRIOX,0.2320039380876266,25.55
4597-NUCQV,0.8396884634942232,101.25
5965-GGPRW,0.015167153923676532,105.25
0289-IVARM,0.20584947831656716,60.55
3452-GWUIN,0.055207542271519826,94.95
1976-CFOCS,0.8921766445877699,46.0
6615-NGGZJ,0.7934892757188441,100.55
7016-NVRIC,0.09920176222489349,90.1
6681-ZSEXG,0.019484357219730245,59.5
6574-MCOEH,0.017457304566473018,79.15
4526-EXKKN,0.03934354477769381,24.6
6906-MPARY,0.1980507084240508,89.6
6211-WWLTF,0.12924529467446386,99.7
6680-NENYN,0.2656794016435547,104.6
9385-EHGDO,0.00822187866213521,19.85
1565-RHDJD,0.8466526495919461,84.05
5696-EXCYS,0.03342517114060589,19.45
5366-IJEQJ,0.597961708780738,88.7
4958-XCBDQ,0.8739699534410222,101.4
9912-OMZDS,0.13115210157138807,106.15
8775-ERLNB,0.12969563063807812,74.3
9979-RGMZT,0.25503497531611474,94.05
3016-KSVCP,0.1642953962865233,33.75
1666-JZPZT,0.2752949564191068,49.0
7337-CINUD,0.00854714025734832,19.5
7989-AWGEH,0.02605349104536098,39.2
0568-ONFPC,0.1577774277817799,25.9
2320-YKQBO,0.15884705401809057,19.3
8060-HIWJJ,0.057902258251016164,86.55
7660-HDPJV,0.9273282258162396,69.2
4098-NAUKP,0.05198181431759867,84.65
6490-FGZAT,0.073714175677683,20.65
2675-DHUTR,0.08327274421395689,98.9
4554-YGZIH,0.5718191905744215,90.05
7706-YLMQA,0.039218321801872895,19.7
4425-OWHWB,0.06240608936412123,19.35
2712-SYWAY,0.37699040012157037,25.7
1222-KJNZD,0.07930352570401576,20.4
0690-SRQID,0.22765659112871608,19.65
3685-YLCMQ,0.47517051934149274,104.65
8717-VCTXJ,0.035943238395313125,19.55
4114-QMKVN,0.01435277408815935,68.75
6439-GTPCA,0.6502866917883335,87.25
9512-UIBFX,0.257853170119601,95.15
2186-QZEYA,0.032762218210595676,58.55
4385-ZKVNW,0.05847515215858381,54.9
8822-KNBHV,0.1110265399863253,83.45
3779-OSWCF,0.09565561054404491,93.2
9327-QSDED,0.47172697561709026,43.55
3653-NCRDJ,0.00973451585041228,19.2
4154-AQUGT,0.9315867470738535,89.05
9917-KWRBE,0.027366896272626378,78.35
7743-EXURX,0.49214657720090266,51.05
8417-FMLZI,0.884250420514212,83.55
6502-MJQAE,0.9360700971439797,69.6
3349-ANQNH,0.36376593769750626,99.5
4778-IZARL,0.05392474550793809,110.1
6005-OBZPH,0.9033271596256452,89.15
4603-JANFB,0.9362312945974687,69.85
2266-SJNAT,0.21008653346482303,109.15
8191-XWSZG,0.10134580972446236,20.65
8999-BOHSE,0.9447006354955108,89.7
6248-BSHKG,0.007393028650956732,20.4
9938-PRCVK,0.01759077140531127,19.7
5130-IEKQT,0.8593277547420579,105.95
0665-XHDJU,0.019790698746379384,99.4
4611-ANLQC,0.07440795744726597,50.05
9330-DHBFL,0.04186971720649528,66.25
3347-YJZZE,0.055638557349123645,80.1
3896-RCYYE,0.3803731893639019,53.4
7682-AZNDK,0.036829947328135645,89.85
5322-ZSMZY,0.014081300651182451,25.75
5804-JMYIO,0.00782941338274993,19.75
6968-GMKPR,0.4400813349805075,81.55
2484-DGXPZ,0.20673563822013724,19.55
5803-NQJZO,0.11014523597546988,67.8
7903-CMPEY,0.9608886799277341,80.3
6680-WKXRZ,0.7874261788082305,74.4
6393-WRYZE,0.7405145646346641,97.65
3584-WKTTW,0.2302669807365708,111.55
8443-ZRDBZ,0.8401804637214084,76.05
9073-ZZIAY,0.04165540842451791,86.1
4971-PUYQO,0.7417231263927742,94.55
3428-MMGUB,0.18409603722729828,89.55
6583-KQJLK,0.12807533227094928,94.65
3071-VBYPO,0.6743293010036585,89.85
5478-JJVZK,0.28241916915301885,60.9
5275-PMFUT,0.015852392452159858,64.8
2114-MGINA,0.7785381900636117,89.8
1272-ILHFG,0.06339293312048415,19.65
6765-MBQNU,0.01966155945597751,26.0
5087-SUURX,0.7044865328871895,39.05
8204-TIFGJ,0.044391530760731136,20.3
3733-ZEECP,0.11394928951715623,51.1
7781-HVGMK,0.014505111274237203,65.2
1536-HBSWP,0.5929431747035143,49.9
0719-SYFRB,0.30140473486564784,61.65
9306-CPCBC,0.7803126431051799,74.25
1215-VFYVK,0.6169626026279151,48.25
2722-VOJQL,0.5180084341629011,105.65
5762-TJXGK,0.05964606927602245,58.75
9967-ATRFS,0.0811763954817481,19.9
8718-PTMEZ,0.260642406275533,31.05
4256-ZWTZI,0.31345294111949723,51.0
5940-NFXKV,0.8725333636091337,83.65
5186-PEIZU,0.05966114620320292,19.25
0674-GCDXG,0.03084670421033416,71.9
8548-AWOFC,0.19031859200369483,63.85
6762-QVYJO,0.008689427270744874,59.75
4293-ETKAP,0.007542719965948497,79.4
6771-XWBDM,0.8068685916399314,104.5
7716-YTYHG,0.3640564049870807,82.05
3055-MJDSB,0.5473535838668606,24.6
7978-DKUQH,0.09362068149087863,74.6
7025-IWFHT,0.17822846445164262,89.55
3120-FAZKD,0.017682707626550397,24.05
8100-PNJMH,0.046774016118892724,88.85
8218-FFJDS,0.012093912222403493,86.4
5868-CZJDR,0.6466438454214759,31.35
7901-HXJVA,0.6334807808790462,76.45
6663-JOCQO,0.01998170742802916,75.25
5188-HGMLP,0.22354187017651023,74.0
0793-TWELN,0.8183238735066027,80.15
2012-NWRPA,0.9263550497827885,99.55
1087-GRUYI,0.014092296122780386,20.4
9033-EOXWV,0.15161766513157973,74.05
9163-GHAYE,0.27919344719719436,48.85
1550-LOAHA,0.8244610336145912,84.15
0277-ORXQS,0.01825011971704425,50.55
9300-AGZNL,0.9664212949272043,94.0
6982-UQZLY,0.7987122102365024,20.85
4412-YLTKF,0.625520382892704,78.05
7563-BIUPC,0.8872344601865658,80.6
7815-PDTHL,0.04120744030756314,20.2
7762-ONLJY,0.07327533909393809,19.7
7954-MLBUN,0.1293530527173017,99.45
8779-YIQQA,0.012162240469953983,19.8
5843-TTHGI,0.4921158503464978,50.0
0684-AOSIH,0.8286336079539393,95.0
6685-XSHHU,0.009698347199825612,20.95
7979-CORPM,0.6428246094538617,90.55
6726-WEXXK,0.06182645883544902,85.9
3594-BDSOA,0.023480129050388005,20.4
4521-WFJAI,0.047161232907629864,25.95
1338-CECEE,0.04142312789753582,68.5
0114-RSRRW,0.13854355851152508,19.95
6257-DTAYD,0.36023795354726945,104.15
9094-AZPHK,0.8477382808726721,100.15
1169-SAOCL,0.4952130015658549,106.65
6614-VBEGU,0.07269284328937309,69.45
5863-OOKCL,0.31818789018887667,18.85
0325-XBFAC,0.8785875963531896,94.7
6244-BESBM,0.013363231731029514,95.2
4672-FOTSD,0.35006792618285704,67.25
7872-RDDLZ,0.43476193585070644,54.9
4277-UDIEF,0.14398440417540062,81.0
5609-CEBID,0.7746629528989001,94.1
1866-DIOQZ,0.05467272302620545,66.8
1379-FRVEB,0.4835479089023482,91.0
3807-BPOMJ,0.06051603759946229,94.75
6711-FLDFB,0.7284209289253117,74.9
2724-FJDYW,0.029764596414514836,54.85
9795-NREXC,0.030412262302398012,85.0
8823-RLPWL,0.05663225698259437,110.65
1794-SWWKL,0.031920533019283395,59.65
0303-UNCIP,0.19646687170921023,65.0
8017-LXHFA,0.887398021812762,94.75
1228-FZFRV,0.4256970218166748,105.95
5149-TGWDZ,0.30344480123314516,104.55
9803-FTJCG,0.20424901635660603,66.85
0254-KCJGT,0.03733107179680894,81.4
0704-VCUMB,0.0437742933245753,20.25
6837-BJYDQ,0.081042510095638,19.6
5774-XZTQC,0.07627354422765165,20.45
3318-ISQFQ,0.10994565449647702,19.5
9667-EQRXU,0.6415870645140903,40.3
3038-PQIUY,0.15809282210333153,66.15
4829-ZLJTK,0.04708096451206279,112.4
6198-ZFIOJ,0.814474222041896,75.6
4950-BDEUX,0.15765113389785732,49.2
5175-WLYXL,0.7570915637253215,78.85
3761-FLYZI,0.15089875613450077,108.8
3198-VELRD,0.9359005978898878,84.75
0107-YHINA,0.927548455693945,99.75
9631-XEYKE,0.6511466374907835,50.4
5382-TEMLV,0.10183226212208835,50.9
1696-HXOWK,0.06207388564685994,95.65
2040-XBAVJ,0.019217756324114127,114.45
0872-NXJYS,0.6503711034949912,79.55
6772-WFQRD,0.03287934829952856,20.4
3500-NSDOA,0.10977497449811496,70.8
8042-RNLKO,0.03336943522522657,25.45
3279-DYZQM,0.014416997699043295,19.45
7783-YKGDV,0.806625457258688,99.7
9581-GVBXT,0.031931279964009296,34.8
6898-MDLZW,0.5975911236410864,53.75
7571-YXDAD,0.795942513642678,74.9
7298-IZWLY,0.25641483466251935,19.4
6034-YMTOB,0.759695201762814,75.65
1548-FEHVL,0.13652161904760604,106.2
9462-MJUAW,0.5258960169449645,50.4
5219-YIPTK,0.8643301177284514,104.4
6908-VVYHM,0.509376796533964,90.65
9863-JZAIC,0.1769601836308997,55.0
9254-RBFON,0.46202962727441993,98.6
9365-SRSZE,0.04901593995378146,70.55
7517-LDMPS,0.8544589971630226,84.6
3050-GBUSH,0.741168715554516,34.8
3961-SXAXY,0.6845314450613238,44.05
8851-RAGOV,0.16367018301539715,71.05
1971-DTCZB,0.027271667882410307,90.95
4317-VTEOA,0.6041895728043402,50.75
0264-CNITK,0.013777499509008294,20.1
5676-CFLYY,0.013941494364189063,73.35
8938-UMKPI,0.5314274015542683,106.4
7181-BQYBV,0.9434937094405188,102.45
0784-ZQJZX,0.016666608518006873,19.9
8064-RAVOH,0.5618203830330326,49.85
0750-EKNGL,0.05091109687966976,20.75
3896-ZVNET,0.011710416811971576,24.7
3662-FXJFO,0.04404719004630783,20.5
3757-NJYBX,0.5400234294840148,106.35
6283-GITPX,0.026217788364004325,76.9
1097-FSPVW,0.1303996964684667,54.55
8189-HBVRW,0.30517154765947174,90.8
8785-EPNCG,0.07300101693779414,23.15
8178-EYZUO,0.538316548953945,93.7
2386-OWURY,0.3597088715270262,95.3
1950-KSVVJ,0.5445511092794935,113.3
0489-WMEMG,0.05106747256611273,49.45
9895-VFOXH,0.4927978869609099,24.4
9087-EYCPR,0.028373666390260562,25.0
5309-TAIKL,0.37023290111536267,62.8
2115-BFTIW,0.4303486053217513,70.95
2346-CZYIL,0.026115366928985154,20.35
6416-JNVRK,0.10736494570891532,55.65
3572-UUHRS,0.04404399111333518,18.85
9509-MPYOD,0.031635819548368665,20.75
7131-ZQZNK,0.12488506657671007,59.85
8752-IMQOS,0.10154686343743641,20.1
1640-PLFMP,0.9200732743785083,70.25
3689-MOZGR,0.28094202504010435,31.2
7375-WMVMT,0.09092466175307448,95.5
8080-POTJR,0.17067445958145364,79.3
2749-CTKAJ,0.03128434351257984,20.15
3920-HIHMQ,0.20066078608964139,49.5
9867-JCZSP,0.03149116677116422,20.75
4945-RVMTE,0.18677422928216209,59.55
6563-VNPMN,0.7924999893758726,85.7
3956-CJUST,0.09104801281010692,75.4
2263-SFSQZ,0.007279650291162401,24.95
2519-FAKOD,0.32472226529573994,99.25
0862-PRCBS,0.007021401873195684,103.75
5465-BUBFA,0.01333178414027601,19.3
5855-EIBDE,0.11567436771201722,106.65
9896-UYMIE,0.2981416824533696,114.3
6633-SYEUS,0.45657509649543954,83.2
1764-VUUMT,0.021783109022594258,19.95
1506-YJTYT,0.011488608816866296,73.85
8332-OSJDW,0.04595082211792942,26.4
4817-VYYWS,0.23262414324365044,100.2
7251-XFOIL,0.36948348190027475,89.2
3999-QGRJH,0.844951655065505,69.7
1790-NESIO,0.05178878844974552,20.4
1427-VERSM,0.40954303416764354,98.7
0486-HECZI,0.22648132874971702,96.75
5795-KTGUD,0.15749549096310095,110.8
0582-AVCLN,0.024013969913680055,20.3
4060-LDNLU,0.6986883547698792,96.2
6591-QGOYB,0.6091172147380719,106.65
3557-HTYWR,0.09177382815553145,74.05
0836-SEYLU,0.6027257542110495,40.65
5656-JAMLX,0.02206704571902256,19.85
7517-SAWMO,0.6482625529862894,73.2
2732-ISEZX,0.07565156609981986,20.5
7576-JMYWV,0.030013082456746082,110.2
7797-EJMDP,0.22658764177884833,66.05
8384-FZBJK,0.11879847043760407,100.6
4310-KEDTB,0.1612935739890697,29.8
6108-OQZDQ,0.8397236929226359,97.95
0322-YINQP,0.6093315699889714,48.55
5229-PRWKT,0.8626739629422818,86.55
6664-FPDAC,0.43716063128786514,111.95
6260-XLACS,0.09413384567973483,19.7
5293-WXJAK,0.8183707234576822,104.05
9500-IWPXQ,0.0202367824552619,79.4
9885-CSMWE,0.9564715664716882,78.45
4250-FDVOU,0.3667490741298396,56.25
6384-VMJHP,0.049225012382620094,73.0
0887-HJGAR,0.7620644549633242,45.7
7817-OMJNA,0.029935774529708283,20.4
2737-WFVYW,0.7656882449093476,45.25
6872-HXFNF,0.21940397872683998,58.35
2302-OUZXB,0.030066255576295404,82.15
6754-LZUKA,0.10501401259845795,80.9
5399-ZIMKF,0.7319347363033196,74.65
7010-BRBUU,0.019022951901239683,24.1
2616-FLVQC,0.02137804382478734,19.55
3745-HRPHI,0.025833259665470905,54.65
6734-FQAJX,0.2912669075285518,105.05
1746-TGTWV,0.950933548999538,75.35
6131-FOYAS,0.17050994438501482,59.6
4760-THGOT,0.20663186871195058,94.1
5555-RNPGT,0.30108271484786714,24.8
1237-WIYYZ,0.09659435502330069,19.55
1069-XAIEM,0.9639651573781307,85.05
1987-AUELQ,0.022409676049078005,25.05
6507-DTJZV,0.20776959640196266,66.4
6140-QNRQQ,0.946716872892488,71.55
5150-LJNSR,0.02448350018790239,98.05
2955-PSXOE,0.43092934280156,20.2
9842-EFSYY,0.4529782633681011,57.2
1140-UKVZG,0.14803789565574943,24.8
4057-FKCZK,0.03625422776711079,82.5
2187-PKZAY,0.6490607192448511,79.95
9661-JALZV,0.03866923091411954,24.7
7398-HPYZQ,0.03170867754222667,90.55
9626-WEQRM,0.44966676596663574,29.15
1217-VASWC,0.06316568583778477,100.55
9040-KZVWO,0.16640724923654632,75.5
7854-FOKSF,0.7998638243706829,35.9
5989-PGKJB,0.8275641273956834,86.25
7343-EOBEU,0.12419554175808896,23.6
6627-CFOSN,0.5211784015884101,99.45
3146-MSEGF,0.2202764231335544,88.05
0971-QIFJK,0.010422239883486067,24.25
7824-PANSQ,0.3464336650311687,80.65
6859-QNXIQ,0.006870851322816788,113.1
1303-SRDOK,0.02423520994975991,69.05
1047-NNCBF,0.5649993344967894,70.55
2634-HCZGT,0.3195686119364952,60.05
4006-HKYHO,0.06681918778669559,86.7
4735-ASGMA,0.6550078312218012,98.35
4767-HZZHQ,0.07043262636476916,82.05
1335-NTIUC,0.5001974431640895,24.95
0480-KYJVA,0.0066721771615494245,24.25
0601-WZHJF,0.7929905672595559,46.35
6993-YCOBK,0.06076827700288244,110.6
3620-EHIMZ,0.007264382326245002,19.35
0187-QSXOE,0.08243008704189567,89.0
6609-MXJHJ,0.012048893382526564,25.1
8417-GSODA,0.09347731223015589,92.2
4350-ZTLPI,0.6672175000494562,108.95
8205-MQUGY,0.0447616531726043,49.2
7402-EYFXX,0.11565752188837265,93.6
6048-UWKAL,0.09465737990032416,105.4
0420-HLGXF,0.08100886221756057,99.75
4578-PHJYZ,0.0072037144625651675,68.75
3916-NRPAP,0.7957441006862951,85.7
3055-VTCGS,0.0892153096929363,58.55
8249-THVEC,0.011576783413301936,19.4
3898-BSJYF,0.11159537505036361,73.55
4291-YZODP,0.05451135056631184,20.05
4007-NHVHI,0.19564835864402344,96.85
7661-CPURM,0.2022783368127101,87.7
5146-YYFRZ,0.02636545061047988,19.95
0378-TOVMS,0.7433996604691816,85.8
5482-VXSXJ,0.6651092243485951,93.2
4322-RCYMT,0.4109239440915137,75.8
7134-MJPDY,0.44947022770852046,102.85
6655-LHBYW,0.3860111494504254,114.35
6557-BZXLQ,0.04395898757107105,69.65
3274-NSDWE,0.024225400053679572,19.6
7277-OZCGZ,0.6354661108510923,89.05
6481-OGDOO,0.5549511634445705,90.6
8778-LMWTJ,0.7397006343276472,74.85
6300-BWMJX,0.6549383460296357,93.35
3580-REOAC,0.44148710743918346,44.85
5816-SCGFC,0.05066161459212179,51.3
5561-NWEVX,0.9564006848039298,79.2
8821-KVZKQ,0.04428342002803865,58.4
1841-YSJGV,0.023766116351248638,109.95
2796-NNUFI,0.06706808445269258,19.95
6365-MTGZX,0.5704324017748326,96.0
1064-FBXNK,0.23258009775192032,19.85
0277-BKSQP,0.051994344580258874,54.4
7752-XUSCI,0.33867191171410077,105.9
5056-FIMPT,0.0805749427459546,106.0
5057-RKGLH,0.007815379208260451,20.35
6328-ZPBGN,0.9203339660434373,95.15
2482-CZGBB,0.5702749816460416,70.0
4070-OKWVH,0.4077788618510624,94.6
4074-SJFFA,0.7188261250987685,54.75
2739-CCZMB,0.11685184006597633,20.35
2325-ZUSFD,0.23882378668143295,70.1
1686-STUHN,0.051946983443090164,19.8
6048-QBXKL,0.8443795763991185,56.55
6854-EXGSF,0.3451330520277108,65.5
8590-OHDIW,0.025392228083670216,20.3
4929-ROART,0.32314572591240304,56.25
8779-QRDMV,0.932311030680385,39.65
3797-VTIDR,0.41983669331944784,23.45
1685-VAYJF,0.23731790455822416,45.2
9575-IWCAZ,0.0843201806174811,25.1
3068-OMWZA,0.9592274298597854,88.8
0491-KAPQG,0.45977266665868,73.7
8901-UPRHR,0.03394581052106554,109.2
7480-QNVZJ,0.7959754595268197,95.7
2202-CUYXZ,0.9533063382373016,84.85
0804-XBFBV,0.35675198208021264,25.2
3424-NMNBO,0.5079291516195225,108.85
5712-VBOXD,0.15812882716285026,20.15
8680-CGLTP,0.15466633450346887,58.75
7786-WBJYI,0.9170895034784253,77.95
9518-RWHZL,0.30675716354016863,100.05
4671-LXRDQ,0.49521162150419534,45.0
2674-MIAHT,0.8455417398412215,80.3
3956-MGXOG,0.6045272136256749,80.6
6496-JDSSB,0.5405187349225407,80.0
1444-VVSGW,0.45376876592968757,115.65
3373-YZZYM,0.11729701201067902,19.2
6362-QHAFM,0.6799781033703748,108.3
5138-WVKYJ,0.8933693067592106,98.55
7312-XSBAT,0.6243280640380592,49.75
7577-SWIFR,0.9393479544956534,89.25
8784-CGILN,0.7531864502131519,99.85
3090-HAWSU,0.26947351245820544,111.6
5939-SXWHM,0.02220440738387724,26.3
6473-ULUHT,0.16462158353298031,84.9
7065-YUNRY,0.7970979316289415,45.3
2080-SRCDE,0.4428169980730226,25.4
3565-UNOCC,0.9180680666315923,99.05
1449-XQEMT,0.40482510486510037,19.8
5876-HZVZM,0.37482498595606467,55.9
9945-PSVIP,0.015155613388924563,18.7
4472-VESGY,0.023425913189063938,98.15
2311-QYMUQ,0.8003450466602013,89.45
3644-QXEHN,0.43304463374422936,97.0
4190-MFLUW,0.1479885127178025,55.2
3987-KQDDU,0.6791157300337597,75.6
9828-AOQLM,0.5604750395697956,45.7
9565-JSNFM,0.2650314383576078,70.45
1397-XKKWR,0.22885888237281052,35.3
2979-SXESE,0.8111194887947495,94.4
8042-JVNFH,0.9367708250643585,71.35
2200-DSAAL,0.06839140011076816,80.65
3804-RVTGV,0.2636048832560312,103.85
4652-NNHNY,0.7828951245698307,73.85
6810-VCAEX,0.16458258895063882,39.65
5172-RKOCB,0.16284126575262328,108.95
4503-BDXBD,0.7217919937589808,74.95
4678-DVQEO,0.7028169112371648,52.2
4077-CROMM,0.35551883786569805,104.2
9135-MGVPY,0.04806049452709483,84.7
5884-FBCTL,0.007799626864968527,25.1
2202-OUTMO,0.16105682448931455,60.85
5312-UXESG,0.633810646458259,98.05
4656-CAURT,0.04939663795644342,23.95
5010-IPEAQ,0.023756984048366733,54.2
2040-VZIKE,0.4669496335418936,100.85
0396-YCHWO,0.23627930754373958,95.4
0853-NWIFK,0.1883946948135409,100.3
4226-KKDON,0.2547603503251344,66.65
7636-XUHWW,0.17028208549982488,19.9
4488-PSYCG,0.08751043007786312,20.25
4295-YURET,0.024054049121687248,72.6
8086-OVPWV,0.8746260934788336,80.2
8967-SZQAS,0.27769510223488586,50.45
8180-AKMJV,0.7292176950248306,44.55
2172-EJXVF,0.40741287084530087,105.9
3873-NFTGI,0.5797158310237561,55.5
7493-TPUWZ,0.938563105470212,79.15
1867-TJHTS,0.4244138283590306,79.8
6121-VZNQB,0.2926450387934507,19.1
8847-GEOOQ,0.1439220208025093,60.2
3873-WOSBC,0.050300836294335904,25.6
7188-CBBBA,0.46705053408262265,95.5
7504-UWHNB,0.39206068598303917,69.75
1834-ABKHQ,0.02549440028873701,50.95
1285-OKIPP,0.824414680093496,79.9
6651-AZVTJ,0.41988768143002,99.8
4013-UBXWQ,0.5952950382404306,74.65
7321-KKSDU,0.017767534702991916,20.5
8963-JLGJT,0.38033134554089826,55.9
8929-KSWIH,0.10366456431515712,99.3
5837-LXSDN,0.09749271145329588,58.85
9758-MFWGD,0.07341764110612872,29.9
6319-QSUSR,0.18770118164331562,19.7
8879-XUAHX,0.04737382899325149,116.25
5337-IIWKZ,0.21374616230907587,44.85
7975-JMZNT,0.1367680468524215,91.7
1958-RNRKS,0.1383674800275098,49.9
5678-VFNEQ,0.09428254760015999,104.1
0968-GSIKN,0.9448338612027184,70.8
6131-JLWZM,0.06803046518410398,20.3
9505-SQFSW,0.16436483217293985,40.3
1493-AMTIE,0.4268792252227676,20.2
8314-DPQHL,0.1910318775145729,50.8
2294-DMMUS,0.05982374605385094,70.45
8430-TWCBX,0.05200058704031148,20.7
9448-REEVD,0.7921533048601759,44.7
3363-EWLGO,0.06628609691566187,19.95
3642-BYHDO,0.0072363900333156945,19.9
2080-GKCWQ,0.7709022369189384,74.95
7925-PNRGI,0.043261998569932875,81.3
6437-UKHMV,0.8188613425666711,79.7
4636-QRJKY,0.8684086190530184,80.5
6752-APNJL,0.021237850668814288,54.5
3496-LFSZU,0.7589589089641001,70.5
3740-RLMVT,0.04692487324867776,60.95
8457-XIGKN,0.09667996785895072,19.6
7817-BOQPW,0.7811661635681526,75.55
2959-EEXWB,0.04223652906582466,50.9
1223-UNPKS,0.0077585756728227795,20.05
0463-WZZKO,0.2484469654800569,20.75
2027-OAQQC,0.24525749105775171,49.05
5364-XYIRR,0.6606697141278928,94.65
6551-VLJMV,0.013451286609501638,20.05
5680-LQOGP,0.040758167396345545,82.45
6075-SLNIL,0.5997557986729661,95.1
8128-YVJRG,0.7695940323413589,79.65
5567-WSELE,0.9633360002857653,94.6
2428-HYUNX,0.02311612422890214,19.35
4992-LTJNE,0.016194850499161167,55.3
2105-PHWON,0.8423571694286128,95.0
6507-ZJSUR,0.0850367425223206,90.45
5847-MXBEO,0.07266776413813249,20.3
2452-MRMZF,0.010300924539527107,25.7
0536-ESJEP,0.02106233435674362,74.55
0380-ZCSBI,0.10365805296392111,20.0
4080-IIARD,0.7150207932535689,76.2
6119-SPUDB,0.06221747620138603,38.25
2576-HXMPA,0.25762685192901025,19.55
7359-SSBJK,0.1020488268896065,70.2
8728-SKJLR,0.44093937774836045,74.25
7921-BEPCI,0.04946696589530579,59.75
5537-UXXVS,0.18734701513237192,19.25
8780-IXSTS,0.7952048974998863,90.1
6419-ZTTLE,0.042704832215265755,20.75
5397-NSKQG,0.023398505202308992,50.9
4957-TREIR,0.4883330889011112,64.4
7056-IMHCC,0.8333299041033719,101.9
4232-JGKIY,0.19774038351104523,19.2
9965-YOKZB,0.9399611728266566,83.85
3635-JBPSG,0.06141150948028412,38.8
0463-TXOAK,0.021829148626596125,25.6
6869-FGJJC,0.13101121294544357,79.6
2007-QVGAW,0.009506825020186651,19.35
2700-LUEVA,0.38996990638506657,20.75
4018-PPNDW,0.010813563133948094,24.1
5321-NTRKC,0.006448751648704395,79.85
2259-OUUSZ,0.1876513630377427,35.5
4366-CTOUZ,0.22767012176852414,100.2
1060-ENTOF,0.21597774246924223,105.4
7339-POGZN,0.5679617323038322,50.7
8993-IZEUX,0.5857031718909783,69.15
2055-PDADH,0.8083524828314617,70.4
6583-SZVGP,0.2919755144787114,108.1
0019-EFAEP,0.22480382851522313,101.3
9777-WJJPR,0.05781917515579092,88.65
6910-HADCM,0.7680064526156603,76.35
3345-PBBFH,0.11166422308615888,49.55
6821-BUXUX,0.8592281289179905,96.65
9750-BOOHV,0.11840911973532652,30.15
1142-IHLOO,0.3147990591339715,87.55
5336-UFNZP,0.009887274806461304,107.45
7449-HVPIV,0.0091288373489731,90.4
3911-RSNHI,0.027333019632339816,61.4
6670-MFRPK,0.008948309284161272,79.2
9117-SHLZX,0.7353542796105246,45.7
6937-GCDGQ,0.12821131524540494,48.95
4629-NRXKX,0.8613601668770544,70.4
8627-ZYGSZ,0.027819072911065376,78.9
1618-CFHME,0.7444484093870583,75.9
6727-IOTLZ,0.1028036981858655,81.95
9986-BONCE,0.20654683434666393,20.95
0314-TKOSI,0.4694559632502442,55.15
5474-LAMUQ,0.016500573715270563,20.1
2391-SOORI,0.49982142178949385,49.35
8510-AWCXC,0.9293288348092246,100.8
8838-GPHZP,0.027800358352152325,20.6
8100-HZZLJ,0.2456901703572404,63.95
6124-ACRHJ,0.5214988104142596,19.75
9357-UJRUN,0.05529714034667393,58.35
9609-BENEA,0.04193094508626637,69.0
3070-FNFZQ,0.014077485129530611,20.4
1352-VHKAJ,0.31650705187844436,71.6
2346-LOCWC,0.007156145279221645,20.5
6050-FFXES,0.14489658542451553,105.35
8495-LJDFO,0.17322034965666136,108.95
2178-PMGCJ,0.2995633551991635,69.7
5446-DKWYW,0.006879928122643514,65.2
9617-INGJY,0.9481201326039406,70.6
6893-ODYYE,0.10948922724617544,90.1
1576-PFZIW,0.07999627566967392,105.35
2079-FBMZK,0.5368159256756524,69.25
7665-TOALD,0.9168928289184227,69.6
5727-MYATE,0.0313218807099544,90.8
9143-CANJF,0.034896318807681716,55.15
3334-CTHOL,0.6081061229161948,49.95
7356-IWLFW,0.2756246946401488,80.0
2984-RGEYA,0.010896441927200018,19.75
4228-ZGYUW,0.8881255003106752,90.05
5575-TPIZQ,0.5741886983820127,89.15
9046-DQMTP,0.059552048668972415,20.75
8739-QOTTN,0.13690423196435295,20.35
8124-NZVGJ,0.1915235163618667,49.25
9210-IAHGH,0.4709791110880524,70.75
1099-BTKWT,0.03823505020056057,54.4
2669-QVCRG,0.5380037744576804,81.3
6828-HMKWP,0.028685565777683854,21.05
6479-SZPLM,0.00906304188853041,19.45
2382-BCKQJ,0.32646910851144395,100.15
6625-IUTTT,0.06353093679013651,65.55
6366-ZGQGL,0.6940680788289718,24.8
4116-TZAQJ,0.605837772308332,74.25
8777-PVYGU,0.0660340452745555,64.3
9189-JWSHV,0.8908279733486867,93.55
8985-OOPOS,0.2202243784984176,74.1
6506-EYCNH,0.04953811732659848,19.55
3327-YBAKM,0.07031755279572587,96.9
9763-PDTKK,0.8957381727202539,94.4
3815-SLMEF,0.7380470599713316,34.25
8109-YUOHE,0.20585449818157486,56.1
1208-NBVFH,0.1257502224885985,49.6
1833-TCXKK,0.40561727710221007,107.75
5115-SQAAU,0.007260687583360023,25.6
9251-AWQGT,0.03104430352470245,20.0
5542-DHSXL,0.4361036731062847,54.7
9435-JMLSX,0.0107531387746042,86.1
3402-XRIUO,0.030508316961204988,63.55
1557-EMYVT,0.2309766987959307,115.05
6635-CPNUN,0.11334531540964644,96.6
8591-TKMZH,0.09651064612365057,111.1
2040-LDIWQ,0.029908220143621832,84.2
2725-KXXWT,0.9432489882347964,90.75
7134-HBPBS,0.12398788698427962,108.1
8510-TMWYB,0.006370457497302802,59.8
2019-HDCZY,0.10257928756442412,102.6
3540-RZJYU,0.491628468940085,86.2
3126-WQMGH,0.0968698478782431,52.15
4716-MRVEN,0.022947541337306455,20.0
4704-ERYFC,0.438541106527587,69.25
4391-LNRXK,0.5873074614418712,94.95
0967-BMLBD,0.019927439778801584,20.0
8621-MNIHH,0.898000647683703,94.25
5277-ZLOOR,0.9354764174474516,85.55
8559-WNQZS,0.2770955926486497,20.45
5149-CUZUJ,0.5489641632606754,92.9
4315-MURBD,0.8191965649255483,98.9
3318-OSATS,0.8417929585173379,95.45
4989-LIXVT,0.6614511629627781,95.9
8809-XKHMD,0.043657921118178226,100.55
3552-CTCYF,0.015356666154411223,104.8
8401-EMUWF,0.03559901815785857,69.4
2642-MAWLJ,0.007412666429269622,20.25
2550-AEVRU,0.059848323349271614,53.45
9112-WSNPU,0.6626174778582967,70.55
1583-IHQZE,0.7565405114334497,112.95
7562-UXTPG,0.5297236146127516,70.15
5213-TWWJU,0.3629820602611647,91.0
9631-RXVJM,0.024950486835662852,19.25
5356-CSVSQ,0.4806478953975688,64.6
0023-HGHWL,0.9053547253233328,25.1
9342-VNIMQ,0.4134614448367617,54.65
1347-KTTTA,0.09519857905930977,102.45
6217-TOWGS,0.29712906200948475,75.4
3312-UUMZW,0.47425843161359543,98.85
5331-RGMTT,0.8337602234084142,99.05
8123-QBNAZ,0.06122936886084464,104.5
9822-WMWVG,0.5090616670169371,106.5
1776-SPBWV,0.016832108433162775,20.1
1086-LXKFY,0.934158628272992,69.1
3727-RJMEO,0.7992127760300446,82.85
9313-CDOGY,0.04320853564235059,19.6
0297-RBCSG,0.13605697537320047,65.35
5947-SGKCL,0.180223971063301,105.35
7198-GLXTC,0.774207889517926,79.0
5766-FTRTS,0.01046652340767512,84.45
8085-MSNLK,0.10170842197940591,113.95
7180-PISOG,0.9415790281455497,74.5
5982-XMDEX,0.02234158956121655,26.5
5429-LWCMV,0.7386104903184758,89.15
0621-CXBKL,0.09215806598461179,18.7
0513-RBGPE,0.01752853185533454,62.8
7244-QWYHG,0.12568762867104494,44.45
5091-HFAZW,0.8194955761496526,91.15
7850-THJMU,0.008377433267720278,19.65
7196-LIWRH,0.06774698020561987,19.55
2373-NTKOD,0.29392515550741216,66.25
5119-NZPTV,0.4589792945846482,70.1
1333-PBMXB,0.031557574436847036,24.75
4086-WITJG,0.0073860143165967234,19.7
0822-QGCXA,0.4940908251551256,83.85
9921-QFQUL,0.5902812748523681,90.15
1009-IRMNA,0.06780140376624087,20.0
6918-UMQCG,0.685099380590995,80.2
3842-QTGDL,0.20543742686901048,80.75
8750-QWZAJ,0.013459379053882664,19.8
4514-GFCFI,0.9245919495285229,84.75
1895-QTKDO,0.46459113194226254,43.95
1545-JFUML,0.10336950910916472,99.0
4307-KWMXE,0.4552764923665009,35.75
6188-UXBBR,0.08333462989106624,20.25
5751-USDBL,0.09435978946573069,81.0
9361-YNQWJ,0.038796951792756475,24.4
8952-WCVCD,0.3186352479008113,104.45
7950-XWOVN,0.4917949323022335,34.7
9110-HSGTV,0.0938549916121063,82.45
3131-NWVFJ,0.0320674146979922,19.55
8350-NYMVI,0.10732625048637154,41.1
8035-BUYVG,0.4100544525127349,42.35
2045-BMBTJ,0.09873876195773801,59.45
4396-KLSEH,0.22671813031541557,19.85
9220-ZNKJI,0.0387632016756202,88.8
8676-TRMJS,0.7949441428584004,75.0
0506-LVNGN,0.8837908018272448,75.55
2322-VCZHZ,0.6503656751269788,90.0
7996-MHXLW,0.03529280842051792,25.15
0281-CNTZX,0.02198905294729293,19.95
9847-HNVGP,0.030108573216858208,19.95
1559-DTODC,0.3161544635450397,25.15
4195-NZGTA,0.6153881728326507,25.25
1839-UMACK,0.08924230265272684,25.05
4121-AGSIN,0.016989397561178878,24.5
2342-CKIAO,0.22432505726501684,20.3
2100-BDNSN,0.45356553363507884,67.95
8869-LIHMK,0.3758558889105314,115.1
8975-SKGRX,0.11736565721577885,116.1
0749-IRGQE,0.49222965180559014,45.3
1952-DVVSW,0.029615929636280812,20.1
2504-DSHIH,0.28859773664414823,86.8
7439-DKZTW,0.9360839887762679,80.55
6770-UAYGJ,0.007252181351025994,25.25
6374-AFWOX,0.046018895529359984,65.65
5099-BAILX,0.801832190176992,110.75
0347-UBKUZ,0.17269173898398005,19.9
2323-ARSVR,0.07232254598990485,111.05
5850-BDWCY,0.13857041281583346,20.2
8734-FNWVH,0.034066377370227295,59.7
1063-DHQJF,0.013161592768067148,92.15
7853-GVUDZ,0.31608862149010186,20.15
8414-OOEEL,0.023952274581822253,79.5
9798-DRYDS,0.049505026252126265,61.95
8592-PLTMQ,0.07955271473093858,24.7
2516-VQRRV,0.9502544925031677,75.45
9079-YEXQJ,0.39559421356895474,111.1
4878-BUNFV,0.007446416017626071,20.7
5294-IMHHT,0.04584190280808226,97.75
0716-BQNDX,0.19095166873334385,93.75
9027-TMATR,0.1414862676854719,78.8
6087-YPWHO,0.11268635824676787,68.15
7558-IMLMT,0.0068768344452166405,20.8
3785-KTYSH,0.043741750736347826,24.6
5299-RULOA,0.6094985820707688,100.25
3219-JQRSL,0.16255176142985078,89.1
8580-AECUZ,0.9668951860247202,79.1
8106-GWQOK,0.02160779063615586,60.0
0655-RBDUG,0.8262074963164471,98.05
1431-AIDJQ,0.07185808084945022,82.1
0637-YLETY,0.8019343750120926,95.6
3933-DQPWX,0.026095158371495775,39.7
6823-SIDFQ,0.037523550530365164,18.25
1448-CYWKC,0.03527316927843646,105.2
3244-DCJWY,0.9263399673426165,70.25
4220-TINQT,0.36310837914804256,106.35
2074-GKOWZ,0.9128746704798312,89.55
9134-WYRVP,0.17198880783221984,86.35
3957-HHLMR,0.3345922944031887,65.2
3235-ETOOB,0.8217707919480975,74.5
8083-YTZES,0.8183943497700781,74.35
5859-HZYLF,0.007473906177180601,19.15
9862-KJTYK,0.18960996404402522,25.35
9373-WSLOY,0.17090404634468834,50.0
2650-GYRYL,0.010007347438980102,19.45
2606-RMDHZ,0.5764360592243691,30.5
1251-STYSZ,0.10434880045197704,80.25
2359-KMGLI,0.5318473102460491,80.25
3190-ITQXP,0.007543792097358497,20.25
1872-EBWSC,0.026571583385961342,20.35
4282-ACRXS,0.6093717220115561,24.85
2025-JKFWI,0.8146022090090626,99.0
0617-AQNWT,0.014148138832306433,47.85
9332-GYWLO,0.161516811646707,54.85
7394-LWLYN,0.8270915381635242,70.15
1945-XISKS,0.014809796701502327,19.65
4026-SKKHW,0.654073037289661,50.25
9576-SYUHJ,0.3568561956012535,91.15
9548-LERKT,0.013241103242478614,19.75
0411-EZJZE,0.6195346877698256,60.25
7994-UYIVZ,0.8886152882940077,85.65
3900-AQPHZ,0.6834540331608785,19.9
0867-MKZVY,0.0784995054527971,82.4
1414-YADCW,0.11890125928218365,84.6
9031-ZVQPT,0.05304903334848503,108.2
3489-HHPFY,0.37200589860484456,84.05
3331-HQDTW,0.5506598736370659,109.8
6379-RXJRQ,0.750312069726824,70.1
7126-RBHSD,0.8256358339728058,78.9
8739-XNIKG,0.7100919706186092,84.0
3230-IUALN,0.012007746621372406,81.0
2585-KTFRE,0.6790139751683292,70.45
9356-AXGMP,0.09018299537498034,110.7
8747-UDCOI,0.029629803622952835,19.35
5669-SRAIP,0.5452564131333943,39.5
4701-AHWMW,0.34359371442024506,54.55
4361-JEIVL,0.5799076753855993,44.4
3074-GQWYX,0.8230016778950083,75.9
0032-PGELS,0.6152970139064392,30.5
6892-XPFPU,0.7266797370520881,104.25
0420-TXVSG,0.0170477859520135,66.1
0799-DDIHE,0.028779459266912374,46.3
7133-VBDCG,0.7535466920658276,79.85
2207-RYYRL,0.007218293713866073,24.55
8709-KRDVL,0.5874683081370801,100.0
0526-SXDJP,0.027317497738147574,42.1
9050-IKDZA,0.06001728339849515,81.5
4860-YZGZM,0.06885314508748079,20.0
4526-RMTLL,0.07288472306843398,76.15
1322-AGOQM,0.20647503341713702,30.3
9968-FFVVH,0.07043705791838854,68.8
5377-NDTOU,0.02165670584224212,91.05
7018-WBJNK,0.458168674778321,78.3
4625-EWPTF,0.5183955957044866,30.45
3656-TKRVZ,0.6609385157182709,55.35
9592-ERDKV,0.02436159902199989,79.25
4404-HIBDJ,0.09967404336290356,74.3
7740-KKCXF,0.10565499361843984,30.05
4482-FTFFX,0.38377350194431253,56.15
1049-FYSYG,0.1863226282936289,35.65
5075-JSDKI,0.028063033904233526,24.45
9689-PTNPG,0.8006432524238499,80.25
2988-GBIVW,0.014617457539506787,90.85
4059-IIEBK,0.7463351319215183,78.55
7044-YAACC,0.16011664321962307,70.2
5343-SGUBI,0.1128187487660315,80.2
3258-SANFR,0.74983047810723,44.7
0621-HJWXJ,0.5126385753474069,81.55
9129-UXERG,0.8070564199411331,103.6
3865-ZFZIB,0.0307701988221782,19.65
